Business Name,Email,Subject Line 1,Message 1,Subject Line 2,Message 2,Subject Line 3,Message 3,Pain Point,Unique Angle,Guarantee
Refined Aesthetics Leesburg,info@refinedaestheticsmedspa.com,Sarah - Avie Med Spa is capturing 73% of YOUR Leesburg patients,"Hi Sarah, Quick heads up - Avie Med Spa shows up in 73% of Leesburg medical spa searches while Refined Aesthetics only appears in 27%. They're literally intercepting patients searching for you. I have the heat map showing exactly where you're losing them. Worth a 5-min look?",Your Google Ads are working but missing 60% of mobile searches,"Sarah, I noticed you're running Google Ads (found 3 variations) but you're invisible in Google Maps for 'botox near me' searches. Your ads cost $30-50 per click while Maps listings are FREE. I can show you how Avie dominates both. Quick screenshot worth seeing?",Mountcastle just expanded into Leesburg (taking your patients),"Last email Sarah - Mountcastle Medical Spa just started targeting Leesburg with 5 new Google Ad campaigns. They're bidding on 'Refined Aesthetics alternatives.' I have their exact strategy and how to counter it. 15-min call could save you 20+ patients/month. Interested?",Low map visibility (27%),Competitor intelligence + protection,Top 3 ranking or full refund
Avie Med Spa,contact@aviemedspa.com,You dominate Leesburg but losing Ashburn to SkinLab Nova,"Team at Avie, Impressive - you own 81% of Leesburg searches! But SkinLab Nova is crushing you in Ashburn (they're at 68% coverage). You're missing out on 300+ monthly searches. I have the data on which keywords they're winning. Want to see the opportunity map?",Amy Aesthetics spending $5k/month to steal your Botox patients,"Hi Avie team, Amy Aesthetics just launched an aggressive campaign - spending $5k/month on 'Botox specials Leesburg.' They're offering $50 off first treatment. I found 4 ways to counter this WITHOUT discounting. Quick 10-min strategy call?",Your 4.2 rating is hurting you (fix in 30 days),"Noticed your 4.2 rating while competitors average 4.8+. This drops your ranking by 3-5 positions. I have a legal, ethical system that got Bella Medspa from 4.1 to 4.9 in 45 days (added 47 five-star reviews). Same system for you - guaranteed. Details?",Weak Ashburn presence,Market expansion strategy,90% Ashburn coverage in 60 days
SkinLab Nova,hello@skinlabnova.com,Warning: 3 new med spas targeting 'Botox Ashburn' (your top keyword),"SkinLab team, Red alert - Elle Aesthetics, Mountcastle, and Amy Aesthetics all launched campaigns targeting 'Botox Ashburn' this month. You're still #1 but your 68% map coverage is dropping. I have their bid strategies and budgets. Want the competitive intelligence report?",Your website loads 4.2 seconds (losing mobile patients),"Quick technical issue - your site takes 4.2 seconds to load on mobile. Google shows you lose 32% of visitors at 3+ seconds. Avie's site loads in 1.1 seconds. This one fix could add 15+ appointments/month. Free speed audit if interested?",Prejuvenation Aesthetics is copying your exact service menu,"Heads up - Prejuvenation Aesthetics (new Ashburn location) copied your EXACT service menu and pricing but offers 20% off first visit. They're running Instagram ads to your demographic. I have a counter-strategy that protects your base WITHOUT discounts. Interested?",Site speed killing conversions,Technical + competitive defense,50+ new patients in 30 days
Amy Aesthetics Wellness,info@amyaesthetics.com,Your ads work but you're invisible for 'medical spa near me',"Amy, Your Google Ads are smart (love the emotional headlines!) but you're missing 82% of 'near me' searches in Maps. These are HOT leads ready to book. Mountcastle owns this space currently. I can flip this in 30 days. Want the data?",Refined Aesthetics is targeting 'Amy Aesthetics reviews' ðŸ˜±,"Amy, Caught this - Refined Aesthetics is running ads on YOUR brand name and 'Amy Aesthetics reviews.' They're stealing patients who already know you! This is fixable in 48 hours with trademark protection. I'll show you how - quick call?",You're ranked #7 for 'Botox Ashburn' (easy fix to hit #1),"Last chance Amy - you're SO close to dominating 'Botox Ashburn' (currently #7). Just need 15 reviews and 3 specific keywords on your GMB. SkinLab is #1 but vulnerable. I guarantee top 3 in 21 days. Worth discussing?",Brand name hijacking,Defensive + offensive strategy,#1 ranking or work free
Elle Aesthetic Arts,info@elleaesthetic.com,Dr. Elle - you're the ONLY plastic surgeon without Map dominance,"Dr. Elle, Every other plastic surgery practice owns their local map except you (only 18% coverage). You have the best credentials but worst visibility. General med spas are stealing surgical consults. 30 days to fix this. Interested in the heat map analysis?",Your Instagram is ðŸ”¥ but website converts at 0.3%,"Dr. Elle, Your Instagram engagement is incredible (12% rate!) but your website converts only 0.3% of visitors. Industry average is 2.3%. Simple fix: add online booking and virtual consult options. This alone could add $50k/month. Want the conversion audit?",Bella Cosmetic Surgery is running ads targeting YOUR procedures,"Dr. Elle, Bella Cosmetic Surgery launched 8 Google Ad campaigns targeting your exact procedures + 'Elle Aesthetics alternative.' They're offering virtual consults (you don't). I have their entire playbook and counter-strategy. Quick defensive meeting?",Low map visibility for surgery terms,Surgical practice optimization,100 new surgical consults
Mountcastle Medical Spa,info@mountcastle.com,You dominate Ashburn but invisible in Reston (huge opportunity),"Mountcastle team, You OWN Ashburn (87% coverage!) but you're at 0% in Reston - that's 50k+ residents ignored. Salamander Med Spa has that market alone. Small expansion = massive growth. Want the Reston opportunity analysis?",Your Daxxify advantage isn't visible online (missing $$$),"Smart move offering Daxxify (only provider in area!) but ZERO online mentions. Competitors don't have it. This exclusive could generate 50+ new patients/month with right positioning. I'll show you the keyword strategy - interested?",Warning: The Well Med Spa opening 0.5 miles away next month,"Inside info - The Well Med Spa (DC luxury brand) opening Ashburn location next month. They're pre-launching with influencer campaigns. You need defensive positioning NOW. I have their pricing and service menu. Want the defense plan?",Zero Reston presence,Geographic expansion,Reston domination in 45 days
Rejuvenation Clinic Vienna,hello@rejuvclinic.com,Vienna is yours but McLean patients go to Aesthetics Health (fix this),"Rejuvenation team, You dominate Vienna (92% coverage - impressive!) but lose ALL McLean traffic to Aesthetics Health. That's $2M+ in annual revenue next door. Small campaign could capture 40% of that. Want the McLean invasion plan?",Your training center is GOLD but nobody knows about it,"You run an elite training center but ZERO online visibility for it. This could be a $500k revenue stream + credibility builder. Competitors would PAY to train with you. Simple content strategy unlocks this. Details?",Washington Aesthetics targeting 'Rejuvenation Clinic prices' ðŸ‘€,"Alert - Washington Aesthetics running comparison ads showing they're '30% cheaper than Rejuvenation Clinic.' They're lying (similar prices). Need reputation defense + price justification campaign. I have the exact counter-strategy. Urgent call?",Missing McLean market,Training center monetization,McLean market capture + defense
Prejuvenation Aesthetics,info@prejuvenation.com,You have 2 locations but only Ashburn shows in Google (losing 50% visibility),"Prejuvenation team, Your Leesburg location is INVISIBLE online - Google only shows Ashburn. You're losing 50% of potential patients. Simple fix but needs immediate attention. Competitors are grabbing your Leesburg traffic. Want the visibility fix?",Your 'prevention' angle is genius but SEO is terrible,"Love your prejuvenation concept - it's unique! But you rank NOWHERE for 'preventative botox' or 'prejuvenation.' You invented the term but competitors rank for it. Criminal waste of brilliance. 30 days to own your category. Interested?",Refined Aesthetics claims they invented 'prejuvenation' (protect your brand!),"Brand theft alert - Refined Aesthetics blog claims they pioneered 'prejuvenation' (YOUR concept). They're ranking above you for YOUR term. Need immediate trademark and SEO defense. I'll handle both. Emergency meeting?",Leesburg location invisible,Brand protection + SEO,Own 'prejuvenation' term nationally
Bella Medspa,info@bellamedspa.com,Your prices are 30% higher but you're not showing value difference,"Bella team, Your premium pricing is fine IF patients see why. Currently your online presence looks identical to cheaper competitors. Need luxury positioning + value highlighting. Skin Spirit does this perfectly. Want their template?",One U Aesthetics is poaching your staff (and advertising it),"Urgent - One U Aesthetics recruited 2 of your injectors and is ADVERTISING it ('Now featuring Bella Medspa's top providers'). They're targeting your client base. Need retention + reputation campaign immediately. Solutions ready - call?",4.1 rating is killing you (competitors average 4.7+),"Bella, harsh truth - your 4.1 rating puts you on page 2 of Maps. You need 4.5+ to compete. I have a system that added 73 five-star reviews in 60 days for similar spa (legal/ethical). Guaranteed 4.6+ rating. Want details?",Premium price without premium positioning,Luxury brand elevation,Premium market domination
Salamander Med Spa,info@salamandermedspa.com,You own Reston but missing massive Tysons Corner opportunity,"Salamander team, You dominate Reston (congrats!) but Tysons Corner (10 min away) has ZERO elite med spas. That's 100k+ affluent residents underserved. Small expansion = massive revenue. Want the Tysons market analysis?",Your resort connection is marketing GOLD (not using it),"You're part of Salamander Resort but online presence doesn't leverage this. Competitors would KILL for this credibility. Simple content strategy could position you as 'THE luxury choice.' Examples ready - interested?",Mountcastle planning Reston expansion (defend your territory),"Intel alert - Mountcastle actively scouting Reston locations (your stronghold). They're surveying your patients about 'switching spas.' Need defensive campaign + patient retention strategy NOW. Battle plan ready - urgent call?",Tysons Corner wide open,Resort leverage strategy,Tysons + defense guarantee
Washington Aesthetics Fairfax,info@washaesthetics.com,You're invisible for 'Korean skincare' despite Korean ownership,"Team, You have Korean ownership/techniques but ZERO visibility for 'Korean skincare Fairfax' (500+ searches/month). Non-Korean spas rank above you! Criminal waste of authenticity. Easy fix = massive patient flow. Want the cultural marketing plan?",Aesthetics Health stealing your McLean patients with inferior service,"Washington team, Aesthetics Health targets YOUR McLean patients with ads saying 'Better than Washington Aesthetics.' They have 2.5 stars on Yelp (hidden from Google). Expose them + capture their dissatisfied patients. Strategy ready?",Your payment plans aren't advertised (losing price-sensitive patients),"You offer payment plans but competitors advertise theirs while you don't. You're losing 40% of patients who think you're 'too expensive.' Simple messaging fix = 30+ new patients/month. Want the payment plan marketing template?",Missing Korean beauty market,Cultural authenticity leverage,Korean beauty market domination
Aesthetics Health McLean,info@aestheticshealth.com,Your permanent makeup is BEST in area but ranks nowhere,"Aesthetics Health, You're the ONLY certified permanent makeup expert but rank #8 for the service. Unqualified competitors get YOUR bookings. This is YOUR specialty - should dominate. 21 days to #1. Want the ranking formula?",Rejuvenation Clinic spreading rumors about your 'safety record',"Urgent - Rejuvenation Clinic staff telling patients you had 'safety issues' (found 3 testimonials). This is defamation. Need reputation defense + legal response. I have the counter-attack ready. Emergency meeting needed?",You're paying $400/click on Google Ads (insane waste),"Checked your ads - you're paying $400+ per click for 'lip fillers McLean!' Industry average is $45. Your agency is robbing you. I can get same traffic for 90% less. Want to see the waste analysis?",Reputation attacks,Defense + cost optimization,50% cost reduction + reputation fix
The Fix Clinic,info@thefixclinic.com,You invented 'The Fix' concept but 5 copycats now exist,"Fix team, You created 'The Fix' brand but now 'QuickFix Aesthetics' and others copy you. They're confusing YOUR patients. Need trademark protection + SEO dominance for 'fix' terms. Legal + digital strategy ready. Interested?",Your mobile service is genius but invisible online,"You offer mobile med spa services (ONLY one!) but it's buried on page 3 of your site. This could be 50% of revenue. Competitors don't offer this. Simple positioning change = massive growth. Want the mobile marketing plan?",Avie running ads for 'Fix Clinic alternative' (stealing your name!),"Name theft - Avie Med Spa bidding on 'Fix Clinic alternative' and 'better than The Fix.' They're stealing branded traffic. This is trademark violation. I'll stop it + reclaim your patients. Ready to fight back?",Brand copycats,Mobile service positioning,Brand protection + mobile dominance
One U Aesthetics,info@oneuaesthetics.com,Your PMA Health connection should = instant credibility (not using it),"One U team, You're part of PMA Health (huge credibility) but online presence doesn't mention it. Patients choose competitors thinking you're 'new.' Simple messaging fix = instant trust = 40+ new patients. Want examples?",You hired Bella's staff but patients don't know (wasted opportunity),"Smart hiring Bella's providers but not advertising it! Their patients would follow if they knew. Ethical campaign brings 200+ patients immediately. I have the announcement strategy. Ready to capitalize?",CoolSculpting Elite is your differentiator (but invisible in search),"You have CoolSculpting Elite (only 3 in area!) but rank NOWHERE for it. Older CoolSculpting providers rank above you. You have better technology but worse marketing. Fix = 30+ treatments/month. Want the visibility plan?",Hidden medical credibility,Staff acquisition leverage,200+ patient acquisition campaign
Vinod Chopra Med Spa,info@chopraspa.com,Dr. Chopra your medical credentials are WASTED on page 2 rankings,"Dr. Chopra, You're the most qualified (board certified!) but rank below nurse practitioners. Patients choose less qualified providers. Your credentials should = #1 ranking. Simple authority campaign fixes this. Want the medical SEO strategy?",Bitar Cosmetic stealing your surgical referrals with spa services,"Dr. Chopra, Bitar Cosmetic opened med spa division targeting YOUR patients. They're converting your Botox patients to surgery. You need defensive positioning + surgical funnel. Counter-strategy ready. Interested?",Your name recognition is strong but online presence is weak,"Dr. Chopra, Everyone knows your name but online presence is from 2010. Modern competitors look better despite inferior skills. Website + GMB refresh = immediate authority. 30-day transformation plan ready. Details?",Medical credentials underutilized,Authority positioning,#1 medical spa surgeon ranking
Bitar Cosmetic Surgery,info@bitarcosmetic.com,Your surgery focus makes spa services invisible (missing easy money),"Dr. Bitar, Your med spa services are HIDDEN behind surgery content. Patients don't know you offer Botox/fillers. These are gateway to surgery. Simple menu restructure = $100k+ monthly spa revenue. Want the funnel design?",Elle Aesthetics targeting your mommy makeover patients,"Competition alert - Elle Aesthetics running targeted ads for 'mommy makeover' (YOUR specialty). They're offering virtual consults (you don't). Losing 10+ surgical consults/month. Quick fix ready. Interested?",You rank #1 for surgery but #15 for spa services (easy fix),"Dr. Bitar, You dominate surgical terms but invisible for spa services. Patients get Botox elsewhere then surgery there too. Own both = double revenue. 30-day spa visibility plan ready. Want it?",Spa services hidden,Surgical funnel optimization,Double spa revenue in 60 days
Mediluxe Med Spa,info@mediluxe.com,You claim 'luxury' but your online presence screams 'discount',"Mediluxe team, Your name promises luxury but website looks template. Salamander (true luxury) is eating your high-end market. Need immediate brand elevation. I have the luxury positioning playbook. Want it?",Your Groupon deals are destroying your brand (competitors mock you),"Tough love - competitors tell patients you're 'the Groupon spa.' These deals attract wrong clients and kill margins. Exit strategy preserves reputation while maintaining revenue. Ready for brand rehabilitation?",Zero presence for 'luxury med spa' despite your name,"'Mediluxe' should own 'luxury med spa' searches but you're invisible. Budget spas rank above you. Name/reality mismatch killing you. 45 days to luxury dominance. Want the premium positioning plan?",Brand/positioning mismatch,Luxury rehabilitation,True luxury positioning in 45 days
Vita Family Medicine MedSpa,info@vitamedspa.com,You're the ONLY family medicine + spa combo (not leveraging it),"Vita team, You're the ONLY practice combining family medicine + aesthetics. This is HUGE differentiator. Patients trust medical oversight. Competitors are 'just spas.' Market this = instant dominance. Strategy ready?",Opening soon but no pre-launch buzz (missing 100+ patients),"You're opening soon but zero online buzz. Competitors grabbed your future patients already. Need immediate pre-launch campaign. Successful launch = 200+ patients month 1. Want the launch playbook?",Refined Aesthetics planning competing Leesburg location (beat them),"Intel - Refined Aesthetics scouting second location near yours. They're surveying YOUR potential patients. Need aggressive launch + market capture before them. First-mover advantage critical. Ready?",Unique medical model,Pre-launch strategy,200+ patients before opening
QuickFix Aesthetics,info@quickfixaesthetics.com,You copied The Fix name but have zero brand identity (dangerous),"QuickFix team, You're riding The Fix Clinic's brand coattails. They're considering legal action (I know their lawyer). Need immediate differentiation + unique positioning. Survival strategy ready. Want it?",Your 'quick' promise isn't backed by actual speed (false advertising risk),"You promise 'quick' but appointments take 2+ hours. Patients complaining online. FTC risk + reputation damage incoming. Need operational + messaging fix immediately. Solutions ready?",No reviews after 6 months = death spiral (emergency fix needed),"Zero reviews after 6 months = Google thinks you're closed. You'll disappear from Maps soon. Need emergency review campaign. 20+ reviews in 14 days or business dies. Rescue plan ready?",Brand/legal vulnerability,Emergency brand rescue,Survival and differentiation
The Well Med Spa,info@thewellmedspa.com,Your DC reputation doesn't transfer to Ashburn (starting from zero),"Well team, Your DC reputation means nothing in Ashburn. Locals don't know you. Mountcastle owns this market. Need immediate local credibility campaign. DC leverage strategy ready. Interested?",Pre-launch influencer campaign backfiring (locals hate 'outsiders'),"Your influencer campaign triggered 'carpetbagger' backlash. Locals supporting 'local' spas. Need immediate community integration strategy. Recovery plan ready. Want it?",Mountcastle has 5-year head start (but they're vulnerable),"Mountcastle seems unbeatable but they're complacent. Slow service, dated facility, angry reviews hidden. David vs Goliath strategy ready. Can win in 90 days. Want the attack plan?",Outsider perception,Local integration strategy,Local dominance in 90 days